<?xml version="1.0"?>
<!--
Khong duoc thay doi noi dung file nay!
Thong so co ban:
	costatus = true : quyen Windows
	costatus = false: quyen SQL Server
	servname: ten server
	username: ten dang nhap he thong
	password: mat khau dang nhap he thong
	database: ten co so du lieu
-->
<config>
  <costatus>false</costatus>
  <servname>6RyYEZ9EiSBUathFPYSbuw==</servname>
  <username>32PhkyqwZxw=</username>
  <password>I2DEdx7PBMo=</password>
  <database>Rv139aoo30Y=</database>
</config>